﻿<?xml version="1.0" encoding="UTF-8" ?>
<!DOCTYPE mapper PUBLIC "-//ibatis.apache.org//DTD Mapper 3.0//EN"      
 "http://ibatis.apache.org/dtd/ibatis-3-mapper.dtd">
<mapper namespace="com.pj.cloud_note.dao.BookDao">

	<select id="findByUserId" parameterType="String"
		resultType="com.pj.cloud_note.entity.Book">
		select * from cn_notebook where cn_user_id=#{cn_user_id}
		order by cn_notebook_createtime desc
	</select>
	<insert id="save" parameterType="com.pj.cloud_note.entity.Book">
		insert into cn_notebook (
		cn_notebook_id,
		cn_user_id,
		cn_notebook_type_id,
		cn_notebook_name,
		cn_notebook_createtime)
		values (
		#{cn_notebook_id},
		#{cn_user_id},
		'5',
		#{cn_notebook_name},
		#{cn_notebook_createtime}
		)
	</insert>
	<select id="findByBookId" parameterType="string"
		resultType="com.pj.cloud_note.entity.Book">
		select * from cn_notebook where
		cn_notebook_id=#{cn_notebook_id}
	</select>
	<!-- 动态更新 -->
	<update id="dynamicUpdate"  parameterType="com.pj.cloud_note.entity.Book" >
		update cn_notebook
		<set>
			<if test="cn_notebook_id!=null">
				cn_notebook_id=#{cn_notebook_id},
			</if>
			<if test="cn_user_id!=null">
				cn_user_id=#{cn_user_id},
			</if>
			<if test="cn_notebook_type_id!=null">
				cn_notebook_type_id=#{cn_notebook_type_id},
			</if>
			<if test="cn_notebook_name!=null">
				cn_notebook_name=#{cn_notebook_name},
			</if>
			<if test="cn_notebook_createtime!=null">
				cn_notebook_createtime=#{cn_notebook_createtime},
			</if>

		</set>
		where cn_notebook_id=#{cn_notebook_id}
	</update>
	<delete id="deleteBook" parameterType="string">
		delete from cn_notebook where
		cn_notebook_id=#{cn_notebook_id}
	</delete>
	<select id="cheakBookNote" parameterType="string" resultType="int">
	select count(cn_note_id) from cn_note where cn_notebook_id=#{cn_notebook_id}
	</select>
</mapper>







