<?xml version="1.0" encoding="UTF-8"?>
<beans xmlns="http://www.springframework.org/schema/beans"
	xmlns:xsi="http://www.w3.org/2001/XMLSchema-instance" xmlns:context="http://www.springframework.org/schema/context"
	xmlns:jdbc="http://www.springframework.org/schema/jdbc" xmlns:jee="http://www.springframework.org/schema/jee"
	xmlns:tx="http://www.springframework.org/schema/tx" xmlns:jpa="http://www.springframework.org/schema/data/jpa"
	xmlns:util="http://www.springframework.org/schema/util" xmlns:mvc="http://www.springframework.org/schema/mvc"
	xsi:schemaLocation="
		http://www.springframework.org/schema/beans http://www.springframework.org/schema/beans/spring-beans-3.2.xsd
		http://www.springframework.org/schema/context http://www.springframework.org/schema/context/spring-context-3.2.xsd
		http://www.springframework.org/schema/jdbc http://www.springframework.org/schema/jdbc/spring-jdbc-3.2.xsd
		http://www.springframework.org/schema/jee http://www.springframework.org/schema/jee/spring-jee-3.2.xsd
		http://www.springframework.org/schema/tx http://www.springframework.org/schema/tx/spring-tx-3.2.xsd
		http://www.springframework.org/schema/data/jpa http://www.springframework.org/schema/data/jpa/spring-jpa-1.3.xsd     
		http://www.springframework.org/schema/util http://www.springframework.org/schema/util/spring-util-3.2.xsd
		http://www.springframework.org/schema/mvc http://www.springframework.org/schema/mvc/spring-mvc-3.2.xsd">

	<util:properties id="config" location="classpath:conf/db.properties" />
	<!-- 配置连接池 -->
	<bean id="dbcp" class="org.apache.commons.dbcp.BasicDataSource"
		destroy-method="close">
		<property name="driverClassName" value="#{config.driver}" />
		<property name="url" value="#{config.url}" />
		<property name="username" value="#{config.username}" />
		<property name="password" value="#{config.password}" />
	</bean>
	<bean id="ssf" class="org.mybatis.spring.SqlSessionFactoryBean">
		<property name="dataSource" ref="dbcp"></property>
		<property name="mapperLocations" value="classpath:mapper/*.xml"></property>
	</bean>
	<!-- 配置mapper扫描 -->
	<bean id="mapperScanner" class="org.mybatis.spring.mapper.MapperScannerConfigurer">
		<property name="basePackage" value="com.pj.cloud_note.dao"></property>
	</bean>
</beans>








